,stats,,,,,,,,STWMBMMBW.10.,,,,,,STWMBMMBW.12.,,,,,,STWMBMMBW.14.,,,,,,STWMBMMBW.16.,,,,,,STWMBMMBW.18.,,,,,,STWMBMMBW.20.,,,,,
file,n,c,d,f,p,u,k,s,w,w_list,st,build,prop,ub,w,w_list,st,build,prop,ub,w,w_list,st,build,prop,ub,w,w_list,st,build,prop,ub,w,w_list,st,build,prop,ub,w,w_list,st,build,prop,ub
ID_from_BN_0_w28d6_limid,100,94,6,100,94,6,2,6,28,[28],7.328216314315796,12.873160600662231,0.16120243072509766,44.3038070921073,27,[27],7.199308633804321,22.217952966690063,0.1542978286743164,44.370834917458,26,[26],7.180172920227051,22.935510635375977,0.2264108657836914,44.08912213491356,27,[27],7.447870492935181,25.883237600326538,0.35962462425231934,44.196686370352914,27,[27],7.360913038253784,29.506527423858643,0.7926304340362549,44.02262409157767,26,[26],8.412810802459717,22.528826236724854,2.0812828540802,43.86144822957813
ID_from_BN_0_w29d6_limid,100,94,6,100,94,6,2,6,22,"[22, 1]",1.7319624423980713,16.127745628356934,0.13555240631103516,47.46965198655074,23,"[23, 1]",1.747093915939331,9.73488736152649,0.1477057933807373,47.20535236829349,21,"[21, 1]",1.7343924045562744,10.623224258422852,0.14208030700683594,46.26802350445556,23,"[23, 1]",1.7709522247314453,9.755417346954346,0.21096038818359375,45.72052264957183,22,"[22, 1]",1.7264089584350586,10.679524660110474,0.5034241676330566,45.41202058914994,22,"[22, 1]",1.1992220878601074,13.13898515701294,0.773195743560791,44.78857584141981
ID_from_BN_0_w32d11_limid,100,89,11,100,89,11,2,6,30,"[30, 1]",8.677584409713745,15.412217140197754,0.1881883144378662,83.81482927324602,32,"[32, 1]",8.606029033660889,17.850326776504517,0.18094348907470703,82.99735164119544,30,"[30, 1]",8.486048936843872,20.926727771759033,0.2564857006072998,83.54461223571512,30,"[30, 1]",8.543063640594482,14.19071888923645,0.4038536548614502,81.67641017582223,30,"[30, 1]",8.79422378540039,34.81567573547363,1.1271414756774902,81.33825094967032,31,"[31, 1]",8.578075408935547,17.149133682250977,2.244525909423828,81.73885205312845
ID_from_BN_0_w33d11_limid,100,89,11,100,89,11,2,6,33,"[33, 1]",15.220048189163208,12.361873149871826,0.18485713005065918,87.14302715474692,33,"[33, 1]",14.923298120498657,19.6635639667511,0.20106267929077148,87.22430382030007,33,"[33, 1]",15.330276727676392,16.300732851028442,0.22391724586486816,86.7940701285707,34,"[34, 1]",15.090810775756836,18.46639323234558,0.4152944087982178,86.14303735333672,33,"[33, 1]",14.943193912506104,20.552542686462402,1.1450293064117432,85.96466994272494,34,"[34, 1]",15.052455425262451,22.700318336486816,3.096879720687866,86.59838110618907
ID_from_BN_14w42d6_limid,115,109,6,115,109,6,2,8,35,[35],11.206516027450562,37.38827443122864,0.2508401870727539,45.2459234424793,34,[34],11.177767515182495,43.9543023109436,0.28312015533447266,45.07606571097213,34,[34],11.293367147445679,66.57008290290833,0.3543241024017334,44.76837196350457,36,[36],11.178642988204956,27.21570658683777,0.6925132274627686,43.797856255492654,33,[33],10.993861198425293,41.62621021270752,1.6162424087524414,43.72411243844069,33,[33],11.227190017700195,35.27336096763611,4.2636308670043945,43.61424367087787
ID_from_BN_14w57d12_limid,115,103,12,115,103,12,2,8,47,"[47, 1]",18.281117916107178,29.57826328277588,0.3349945545196533,94.45026173948189,45,"[45, 1]",18.175041913986206,69.14465737342834,0.34384608268737793,93.1566440607174,45,"[45, 1]",18.364177703857422,39.89430284500122,0.4313013553619385,92.40158399557755,46,"[46, 1]",30.410776376724243,109.94586157798767,1.0992560386657715,92.60783701395033,44,"[44, 1]",18.187294244766235,107.56545639038086,1.481598138809204,92.0967347782839,46,"[46, 1]",18.270557641983032,60.77276873588562,5.548797845840454,91.86911418266232
ID_from_BN_78_w18d3_limid,54,51,3,54,51,3,2,10,14,[14],0.9084460735321045,2.2436578273773193,0.051787614822387695,23.542522621048956,14,[14],0.6224703788757324,2.5569863319396973,0.05304098129272461,23.466019405072384,14,[14],0.6027147769927979,2.3953206539154053,0.03813743591308594,22.797601752191646,14,[14],0.6330816745758057,1.7678122520446777,0.0364224910736084,22.797601752191646,14,[14],0.6146063804626465,1.8382127285003662,0.04101252555847168,22.797601752191643,15,[15],0.6191227436065674,3.349987745285034,0.04724407196044922,22.797601752191646
ID_from_BN_78_w19d3_limid,54,51,3,54,51,3,2,10,17,"[17, 0]",0.8020830154418945,8.381149768829346,0.09254217147827148,24.0704260224406,17,"[17, 0]",1.3756403923034668,10.579232931137085,0.08150672912597656,23.89084791223097,17,"[17, 0]",0.7881531715393066,9.429596900939941,0.07804298400878906,23.48710606760134,17,"[17, 0]",0.7951221466064453,6.518672466278076,0.11966085433959961,23.483140366273084,17,"[17, 0]",0.7833096981048584,8.169861793518066,0.1641700267791748,23.280402573970527,17,"[17, 0]",0.8011629581451416,6.975519180297852,0.1519639492034912,23.280402573970527
ID_from_BN_78_w23d6_limid,54,48,6,54,48,6,2,10,18,[18],2.242248296737671,5.104388952255249,0.07872581481933594,46.96876617840899,18,[18],2.1916027069091797,4.347894906997681,0.07580280303955078,46.41309905708659,18,[18],2.2577154636383057,3.8153576850891113,0.10722589492797852,46.091778206759734,18,[18],2.233870506286621,3.9784905910491943,0.16422796249389648,45.3530451500866,18,[18],2.247194290161133,3.273846387863159,0.3719136714935303,45.20593564331262,17,[17],2.2828752994537354,3.660317897796631,0.23713445663452148,45.205935643312614
ID_from_BN_78_w24d6_limid,54,48,6,54,48,6,2,10,26,[26],1.1106417179107666,9.840684652328491,0.16919445991516113,48.72329228322586,25,[25],1.1056904792785645,12.883987665176392,0.1789398193359375,48.19977066028548,25,[25],1.087355375289917,8.934661865234375,0.21203827857971191,47.28943046862755,25,[25],1.1046574115753174,15.057204723358154,0.45374441146850586,46.546437932352895,26,[26],1.0938405990600586,13.566134452819824,1.1481447219848633,45.738298819877095,25,[25],1.1356866359710693,19.783263206481934,2.8560798168182373,46.0787835568032
mdp1-4_2_2_5_limid,25,20,5,30,20,10,2,4,5,"[1, 1, 4, 5, 5, 5]",0.578406572341919,0.34645676612854004,0.015209674835205078,3.7373008695814494,5,"[1, 1, 4, 5, 5, 5]",0.6011509895324707,0.36383652687072754,0.015620708465576172,3.7373008695814494,5,"[1, 1, 4, 5, 5, 5]",0.5945754051208496,0.3432157039642334,0.015298604965209961,3.7373008695814494,6,"[1, 1, 4, 6, 5, 5]",0.5969746112823486,0.37407922744750977,0.015125274658203125,3.7373008695814494,5,"[1, 1, 4, 5, 5, 5]",0.6034715175628662,0.3529646396636963,0.015301704406738281,3.7373008695814494,5,"[1, 1, 4, 5, 5, 5]",0.5985972881317139,0.3404388427734375,0.015311002731323242,3.7373008695814494
mdp10-32_3_8_4_limid,132,128,4,160,128,32,3,7,42,"[12, 4, 5, 3, 4, 3, 5, 30, 41, 42]",22.779194355010986,53.99389433860779,0.9156911373138428,37.96466991251496,43,"[12, 4, 5, 3, 4, 3, 5, 31, 42, 43]",21.280158042907715,58.69174289703369,1.0289208889007568,37.1422554486694,43,"[12, 4, 5, 3, 4, 3, 5, 30, 42, 43]",21.323382139205933,65.865243434906,1.7720210552215576,37.80923495251475,43,"[12, 4, 5, 3, 4, 3, 5, 31, 43, 43]",21.78140377998352,68.96002769470215,3.9426798820495605,35.98035479360268,42,"[12, 4, 5, 3, 4, 3, 5, 31, 41, 42]",22.077779531478882,74.64546990394592,10.68651533126831,35.86834721963537,42,"[12, 4, 5, 3, 4, 3, 5, 31, 42, 41]",21.619382858276367,104.21102476119995,35.72597026824951,33.38868226243422
mdp2-8_3_4_5_limid,45,40,5,60,40,20,3,5,10,"[3, 3, 2, 7, 10, 10, 10]",2.310392379760742,1.3556690216064453,0.08091926574707031,12.197174655866736,10,"[3, 3, 2, 7, 9, 10, 10]",2.3091025352478027,1.0363249778747559,0.08165907859802246,12.197174655866736,10,"[3, 3, 2, 7, 10, 10, 10]",2.299295663833618,1.2850186824798584,0.09334897994995117,12.197174655866736,10,"[3, 3, 2, 7, 10, 10, 10]",2.3469059467315674,1.1791868209838867,0.09152007102966309,12.197174655866736,10,"[3, 3, 2, 7, 10, 10, 10]",2.366825580596924,1.2464914321899414,0.11351346969604492,12.197174655866736,10,"[3, 3, 2, 7, 10, 10, 10]",2.369783878326416,1.2488582134246826,0.10523724555969238,12.197174655866736
mdp3-10_3_5_10_limid,110,100,10,150,100,50,3,6,15,"[6, 10, 3, 3, 7, 12, 14, 14, 14, 13, 15, 15, 14, 14]",25.734007120132446,19.014561414718628,1.077085018157959,43.40262612417789,15,"[6, 10, 3, 3, 7, 12, 13, 15, 14, 14, 14, 14, 14, 14]",26.04603934288025,22.23801040649414,2.794482469558716,37.370916721416,14,"[6, 10, 3, 3, 7, 11, 13, 14, 14, 14, 14, 13, 14, 14]",26.061403512954712,29.020435333251953,5.032454013824463,31.0849560474689,14,"[6, 10, 3, 3, 7, 11, 14, 14, 14, 14, 14, 14, 14, 13]",25.570748805999756,26.88852596282959,5.2047717571258545,31.0849560474689,14,"[6, 10, 3, 3, 7, 12, 14, 13, 13, 13, 13, 14, 13, 13]",26.22037935256958,27.282517433166504,5.089191198348999,31.0849560474689,14,"[6, 10, 3, 3, 7, 11, 14, 14, 13, 13, 14, 14, 13, 14]",25.675452947616577,32.54730844497681,4.628232002258301,31.0849560474689
mdp4-10_3_5_10_limid,110,100,10,150,100,50,3,6,14,"[7, 4, 13, 13, 13, 13, 13, 14, 13, 13, 14]",26.39180564880371,4.923204660415649,0.29932475090026855,39.11248215716322,14,"[7, 4, 13, 14, 14, 13, 13, 14, 14, 13, 13]",26.659311056137085,5.199246883392334,0.29494333267211914,35.653689185988306,14,"[7, 4, 13, 14, 14, 14, 13, 13, 13, 13, 13]",25.87537908554077,5.071425676345825,0.34482836723327637,32.725625579590066,14,"[7, 4, 13, 13, 13, 13, 13, 14, 13, 13, 13]",26.614240407943726,5.818751811981201,0.3478739261627197,32.725625579590066,14,"[7, 4, 13, 13, 14, 13, 14, 14, 14, 14, 13]",25.83754825592041,5.621949911117554,0.4023747444152832,32.725625579590066,14,"[7, 4, 12, 13, 13, 13, 13, 13, 13, 14, 14]",26.58072304725647,6.507471799850464,0.37707066535949707,32.725625579590066
mdp5-16_3_8_10_limid,170,160,10,240,160,80,3,7,21,"[7, 4, 5, 5, 5, 2, 5, 18, 21, 20, 21, 21, 21, 20, 21, 20]",73.79849982261658,28.736313343048096,1.6198344230651855,79.42157110264223,22,"[7, 4, 5, 5, 5, 2, 5, 18, 21, 21, 20, 21, 21, 20, 21, 22]",73.81447553634644,27.799643754959106,2.96238374710083,74.52813562721438,21,"[7, 4, 5, 5, 5, 2, 5, 18, 20, 21, 20, 21, 20, 20, 20, 20]",75.1942982673645,38.68297791481018,10.28339171409607,69.63305684191022,22,"[7, 4, 5, 5, 5, 2, 5, 20, 20, 20, 20, 20, 22, 21, 21, 21]",73.08397889137268,69.92970323562622,49.57569599151611,64.06437641465257,22,"[7, 4, 5, 5, 5, 2, 5, 19, 22, 21, 21, 21, 20, 21, 20, 21]",73.21695637702942,207.74368166923523,134.22915482521057,55.155608327713416,21,"[7, 4, 5, 5, 5, 2, 5, 19, 20, 21, 21, 21, 21, 20, 20, 20]",74.20737481117249,516.2051687240601,258.75222539901733,48.98441590778915
mdp6-20_5_5_5_limid,105,100,5,125,100,25,5,9,29,"[13, 4, 22, 29, 29, 29]",15.84747862815857,17.67290163040161,0.68184494972229,31.557061518159497,30,"[13, 4, 22, 29, 30, 29]",16.00796675682068,15.839553833007812,0.8167731761932373,30.64479531260988,30,"[13, 4, 21, 30, 29, 30]",16.58173418045044,17.951026678085327,1.1702239513397217,27.591857417148443,29,"[13, 4, 22, 29, 29, 28]",15.85750412940979,20.529569625854492,2.7568297386169434,25.557781698222044,30,"[13, 4, 22, 29, 30, 29]",15.988223314285278,27.652844429016113,8.408381700515747,24.635783612143822,29,"[13, 4, 23, 28, 29, 29]",16.448468923568726,45.71769452095032,22.559855937957764,21.126060774174206
mdp7-28_3_6_5_limid,145,140,5,170,140,30,3,9,40,"[9, 7, 6, 6, 4, 12, 9, 30, 40, 40, 40]",30.003923654556274,113.34046053886414,1.4074087142944336,44.01103889308246,41,"[9, 7, 6, 6, 4, 12, 10, 31, 40, 40, 41]",29.432600259780884,106.146240234375,1.5873875617980957,43.50706877718035,41,"[9, 7, 6, 6, 4, 12, 10, 30, 41, 40, 41]",29.3936710357666,90.9921305179596,2.5068793296813965,42.96242376162294,40,"[9, 7, 6, 6, 4, 12, 10, 30, 40, 40, 40]",29.018332481384277,134.1398584842682,5.716325044631958,41.29104043595183,40,"[9, 7, 6, 6, 4, 12, 10, 30, 39, 40, 39]",29.270745754241943,112.50794720649719,18.415451526641846,38.60346231508122,41,"[9, 7, 6, 6, 4, 12, 10, 30, 41, 40, 40]",28.979936122894287,152.43009614944458,55.73237061500549,34.89804360300774
mdp8-28_3_6_4_limid,116,112,4,136,112,24,3,9,42,"[7, 33, 4, 6, 6, 6, 5, 42, 41]",12.747177839279175,39.36276578903198,0.9181373119354248,32.42294014679191,42,"[7, 33, 4, 6, 6, 6, 5, 41, 42]",8.287777185440063,31.966519355773926,0.610912561416626,31.456603239611585,40,"[7, 33, 4, 6, 6, 6, 5, 40, 40]",12.703868627548218,51.17152953147888,1.5256702899932861,31.295104206103613,41,"[7, 33, 4, 6, 6, 6, 5, 41, 41]",12.232237339019775,38.60302519798279,3.4847357273101807,28.999016577347405,41,"[7, 33, 4, 6, 6, 6, 5, 41, 40]",12.19939923286438,48.41044759750366,13.507810115814209,29.023153802706826,41,"[7, 33, 4, 6, 6, 6, 5, 41, 41]",12.060547113418579,87.01773262023926,37.12326240539551,27.774282517303835
mdp9-32_3_8_3_limid,99,96,3,120,96,24,3,9,45,"[10, 5, 6, 5, 4, 5, 3, 8, 8, 34, 45]",7.184814453125,52.73690319061279,0.7277035713195801,25.22924114075729,45,"[10, 5, 6, 5, 4, 5, 3, 8, 8, 34, 45]",7.2339513301849365,50.42471647262573,0.7609043121337891,24.733487558262386,45,"[10, 5, 6, 5, 4, 5, 3, 8, 8, 34, 45]",7.191982269287109,52.56815791130066,1.2229869365692139,24.24772181027611,44,"[10, 5, 6, 5, 4, 5, 3, 8, 8, 34, 44]",7.125027894973755,38.88376975059509,2.650393009185791,24.219870293232766,45,"[10, 5, 6, 5, 4, 5, 3, 8, 8, 34, 45]",7.269410610198975,51.53489446640015,6.815508604049683,22.478374838795016,45,"[10, 5, 6, 5, 4, 5, 3, 8, 8, 34, 45]",7.34061598777771,68.73281383514404,22.991674661636353,22.293121494491533
pomdp1-4_2_2_2_3_limid,21,18,3,24,18,6,2,4,11,[11],0.3610243797302246,0.6460886001586914,0.019660234451293945,4.336667145581031,11,[11],0.35172295570373535,0.6375677585601807,0.013051986694335938,4.115519147295571,11,[11],0.36310482025146484,0.678213357925415,0.013375282287597656,4.115519147295571,11,[11],0.3456149101257324,0.5342714786529541,0.012953042984008789,4.115519147295571,11,[11],0.35417819023132324,0.8814616203308105,0.013672828674316406,4.115519147295571,11,[11],0.48108935356140137,0.8783004283905029,0.014003992080688477,4.115519147295571
pomdp10-12_7_3_8_4_limid,80,76,4,108,76,32,3,5,40,"[40, 4, 1, 2, 3, 3, 4, 4, 4]",6.4423887729644775,21.12716293334961,0.49552345275878906,29.542525484833277,39,"[39, 4, 1, 2, 3, 3, 4, 4, 4]",6.580934286117554,26.362998485565186,1.011674404144287,28.673032356524804,39,"[39, 4, 1, 2, 3, 3, 4, 4, 4]",6.439529895782471,42.665913105010986,2.9030399322509766,26.596139059500764,39,"[39, 4, 1, 2, 3, 3, 4, 4, 4]",6.405892610549927,49.35939049720764,16.807284593582153,26.80666346874276,41,"[41, 4, 1, 2, 3, 3, 4, 4, 4]",7.991747140884399,147.4633617401123,91.32018518447876,25.327900448643398,40,"[40, 4, 1, 2, 3, 3, 4, 4, 4]",6.63318657875061,427.6598610877991,371.20739817619324,24.172025982124556
pomdp2-2_2_2_2_3_limid,15,12,3,18,12,6,2,3,10,[10],0.17069792747497559,0.24444317817687988,0.00830531120300293,4.507056852128595,10,[10],0.3323216438293457,0.48499536514282227,0.016181468963623047,4.507056852128596,10,[10],0.1724865436553955,0.24417829513549805,0.008730649948120117,4.507056852128595,10,[10],0.1779029369354248,0.2508106231689453,0.008474588394165039,4.507056852128596,10,[10],0.17035841941833496,0.22455883026123047,0.008210182189941406,4.507056852128595,10,[10],0.17950439453125,0.2373490333557129,0.008786201477050781,4.507056852128595
pomdp3-4_4_2_2_3_limid,27,24,3,30,24,6,2,4,16,[16],0.6223220825195312,0.9715383052825928,0.04642510414123535,4.7602049444494865,16,[16],0.6301326751708984,0.8207266330718994,0.03529524803161621,4.024202543248311,16,[16],0.6266219615936279,0.6998805999755859,0.04157114028930664,4.279492159627002,16,[16],0.6229202747344971,0.8950414657592773,0.06086087226867676,3.620544780765322,16,[16],0.6367571353912354,1.1200041770935059,0.07468724250793457,3.620544780765322,16,[16],0.6234261989593506,1.4546668529510498,0.08034276962280273,3.620544780765321
pomdp4-4_4_2_2_5_limid,45,40,5,50,40,10,2,4,27,"[27, 3]",1.7080891132354736,4.1480231285095215,0.09848642349243164,7.68946308680558,27,"[27, 3]",1.6596896648406982,3.185445547103882,0.09771919250488281,7.46621999306462,27,"[27, 3]",1.6476969718933105,3.4866082668304443,0.10817933082580566,6.80173517934372,27,"[27, 3]",1.682342767715454,3.9857516288757324,0.1149284839630127,6.622936298016382,27,"[27, 3]",1.6870291233062744,3.3415095806121826,0.18093538284301758,6.4307202743359175,27,"[27, 3]",1.6614744663238525,5.028470993041992,0.556713342666626,5.744429256294263
pomdp5-6_4_3_5_3_limid,33,30,3,45,30,15,3,5,18,"[18, 2, 3]",0.8626887798309326,1.4950344562530518,0.08689379692077637,11.234072727722786,18,"[18, 2, 3]",0.8568966388702393,1.670861005783081,0.07619976997375488,10.44120371739279,17,"[17, 2, 3]",0.8693864345550537,2.691213369369507,0.09871459007263184,9.95294172549104,18,"[18, 2, 3]",0.8699617385864258,1.9325294494628906,0.14154267311096191,9.690799596396923,17,"[17, 2, 3]",0.8745291233062744,2.964230537414551,0.40445494651794434,9.187092934406158,18,"[18, 2, 3]",0.8708510398864746,3.308842658996582,0.48449206352233887,9.187092934406158
pomdp6-12_6_2_6_3_limid,57,54,3,72,54,18,2,9,29,"[29, 4, 6, 5, 6]",2.804304599761963,16.947423934936523,0.34945106506347656,19.68954472042645,29,"[29, 4, 6, 5, 6]",2.8503506183624268,15.521178007125854,0.37166285514831543,18.23096686372469,28,"[28, 4, 6, 5, 6]",2.813042402267456,16.155842304229736,0.5211701393127441,17.66882930423601,29,"[29, 4, 6, 5, 6]",2.818551540374756,21.017043590545654,1.0829379558563232,17.232965802041527,28,"[28, 4, 6, 5, 6]",2.828359603881836,22.549362421035767,2.7623443603515625,15.079039822726255,29,"[29, 4, 6, 5, 6]",2.810195207595825,25.17721915245056,7.347736120223999,14.07327689611431
pomdp7-20_10_2_10_3_limid,93,90,3,120,90,30,2,9,45,"[45, 6, 8, 8, 6, 7, 8, 3]",5.72960352897644,119.97879695892334,0.520604133605957,37.304617040398085,46,"[46, 6, 8, 8, 6, 7, 8, 3]",9.470946550369263,145.42510318756104,1.3602526187896729,36.736884413419915,46,"[46, 6, 8, 8, 6, 7, 8, 3]",8.335265159606934,113.1612799167633,1.283731460571289,34.737762733816865,46,"[46, 6, 8, 8, 6, 7, 8, 3]",8.053099393844604,86.55744528770447,2.55999493598938,33.531479917024164,46,"[46, 6, 8, 8, 6, 7, 8, 3]",8.16633653640747,84.36888098716736,6.80736780166626,32.801920178167286,46,"[46, 6, 8, 8, 6, 7, 8, 3]",8.3113272190094,98.11107015609741,18.15713381767273,30.447446211815315
pomdp8-14_9_3_12_4_limid,96,92,4,140,92,48,3,6,48,"[48, 4, 3, 5, 4, 5, 5, 5, 5, 8, 10, 11]",9.598695039749146,84.75205707550049,0.7484846115112305,46.89549006300706,48,"[48, 4, 3, 5, 4, 5, 5, 5, 5, 8, 11, 11]",9.861820936203003,114.9744439125061,0.8204817771911621,45.00726808236333,48,"[48, 4, 3, 5, 4, 5, 5, 5, 5, 7, 11, 12]",9.92272424697876,60.527830600738525,1.2241535186767578,43.42239745450578,48,"[48, 4, 3, 5, 4, 5, 5, 5, 5, 7, 10, 11]",9.891873836517334,56.79129505157471,2.39343523979187,41.18665384832609,48,"[48, 4, 3, 5, 4, 5, 5, 5, 5, 7, 11, 11]",10.003419160842896,69.39954900741577,8.35560417175293,40.28368481742553,47,"[47, 4, 3, 5, 4, 5, 5, 5, 5, 8, 11, 11]",9.831047058105469,123.98239970207214,28.436609506607056,39.4851155318244
pomdp9-14_8_3_10_4_limid,92,88,4,128,88,40,3,6,45,"[45, 5, 5, 3, 5, 5, 4, 4]",8.673746347427368,46.29006624221802,0.885758638381958,41.696918297079094,45,"[45, 5, 5, 3, 5, 5, 4, 4]",8.78373408317566,49.27322864532471,1.8508260250091553,39.32313891718264,44,"[44, 5, 5, 3, 5, 5, 4, 4]",8.74345850944519,64.29277801513672,7.170598268508911,38.075296625751136,46,"[46, 5, 5, 3, 5, 5, 4, 4]",6.098835706710815,52.559733152389526,15.32690143585205,36.370966793268806,45,"[45, 5, 5, 3, 5, 5, 4, 4]",8.917199611663818,219.73441696166992,178.00786066055298,35.18168526384148,44,"[44, 5, 5, 3, 5, 5, 4, 4]",8.993693590164185,959.6084995269775,936.5745034217834,32.89518923208612
rand-c20d2o1-01_limid,22,20,2,22,20,2,2,3,6,[6],0.3324911594390869,0.5102701187133789,0.011845827102661133,170.63200240780503,7,[7],0.3442423343658447,0.5813124179840088,0.01217794418334961,170.632002407805,6,[6],0.33408570289611816,0.4880654811859131,0.011917352676391602,170.632002407805,6,[6],0.346081018447876,0.8191385269165039,0.014869213104248047,170.632002407805,6,[6],0.346571683883667,1.196155309677124,0.013531923294067383,170.632002407805,6,[6],0.34285998344421387,0.6877250671386719,0.012249946594238281,170.632002407805
rand-c30d3o1-01_limid,33,30,3,33,30,3,2,3,11,[11],0.7292447090148926,1.682215690612793,0.024218082427978516,272.7691225230879,10,[10],0.7255034446716309,1.8635542392730713,0.019768953323364258,272.711363744372,10,[10],0.7314465045928955,1.444789171218872,0.02047109603881836,272.711363744372,11,[11],0.739844560623169,1.5303518772125244,0.02084827423095703,272.711363744372,10,[10],0.5454776287078857,1.633164882659912,0.012231588363647461,272.711363744372,11,[11],0.7166538238525391,2.174457550048828,0.022950410842895508,272.711363744372
rand-c30d6o1-01_limid,36,30,6,36,30,6,2,3,13,"[13, 7]",1.109870433807373,2.2111947536468506,0.04932832717895508,537.8720716410006,13,"[13, 7]",1.115147352218628,2.2020556926727295,0.04810595512390137,537.9299036547167,13,"[13, 7]",1.5402953624725342,2.728147506713867,0.04099607467651367,537.7486833240241,13,"[13, 7]",1.1544945240020752,2.7033042907714844,0.0404818058013916,537.7486833240239,13,"[13, 8]",1.1287038326263428,2.4625186920166016,0.04080772399902344,537.748683324024,13,"[13, 8]",1.1377949714660645,2.5490329265594482,0.04131960868835449,537.748683324024
rand-c30d9o1-01_limid,39,30,9,39,30,9,2,3,16,"[16, 7]",2.983851432800293,2.2129831314086914,0.06521272659301758,735.7440949216799,16,"[16, 6]",3.0076682567596436,2.558910608291626,0.061064720153808594,735.2699211035391,16,"[16, 6]",2.9551970958709717,2.438793659210205,0.06474852561950684,740.4644616630123,16,"[16, 6]",3.081674814224243,3.2988951206207275,0.09125661849975586,733.0109907628047,16,"[16, 6]",3.0912392139434814,2.951101064682007,0.09821224212646484,733.0109907628048,16,"[16, 7]",3.0543746948242188,2.614832639694214,0.07964038848876953,733.0109907628048
rand-c50d10o1-01_limid,60,50,10,60,50,10,2,3,23,"[23, 1]",9.096632719039917,5.515664577484131,0.13048076629638672,863.3843850423357,23,"[23, 1]",8.978079557418823,8.902668237686157,0.14698076248168945,866.0128282810824,23,"[23, 1]",8.936045408248901,4.785117149353027,0.15096330642700195,863.5612585064217,23,"[23, 1]",8.85722827911377,6.530503034591675,0.1762709617614746,863.0792439136374,23,"[23, 1]",8.823365926742554,9.958699941635132,0.6705350875854492,863.0272645849358,23,"[23, 1]",8.76367735862732,7.871270656585693,0.7935283184051514,863.1092396196658
rand-c50d15o1-03_limid,65,50,15,65,50,15,2,3,27,"[27, 2]",13.478149175643921,5.375938653945923,0.11638426780700684,1243.5336434502253,27,"[27, 2]",13.273755550384521,4.9534502029418945,0.11079216003417969,1243.5391630493323,27,"[27, 2]",13.380602598190308,6.03438138961792,0.13454365730285645,1243.854746713071,27,"[27, 2]",13.005106210708618,6.861718654632568,0.20964813232421875,1243.0394957614626,27,"[27, 2]",13.373602151870728,6.544671535491943,0.4113893508911133,1241.2174340695049,27,"[27, 2]",13.432795286178589,8.234931945800781,0.5015361309051514,1241.1550649826775
rand-c50d5o1-01_limid,55,50,5,55,50,5,2,3,17,[17],4.771748065948486,8.93657922744751,0.0851585865020752,429.090824630573,18,[18],4.7658514976501465,4.2795045375823975,0.07681465148925781,428.68488183351974,17,[17],4.607722759246826,7.902577638626099,0.08704853057861328,428.52559312735525,18,[18],4.6445698738098145,5.2225892543792725,0.08576416969299316,428.5157356513951,18,[18],4.766510248184204,7.789555072784424,0.2301032543182373,428.37487792782537,17,[17],4.57506799697876,7.831668853759766,0.262845516204834,428.3748779278253
rand-c70d14o1-01_limid,84,70,14,84,70,14,2,3,32,"[32, 15]",18.275814056396484,17.88811492919922,0.23578929901123047,1194.3437602432175,30,"[30, 15]",18.122663497924805,21.667389154434204,0.24007534980773926,1198.6281575527087,31,"[31, 15]",18.669820308685303,21.911571741104126,0.3096740245819092,1193.6955455114128,31,"[31, 15]",18.638417720794678,18.04552412033081,0.34106945991516113,1198.702456203069,31,"[31, 15]",12.995377779006958,17.39348292350769,0.5162792205810547,1198.3582751478475,31,"[31, 15]",18.76952362060547,20.48999047279358,2.8753068447113037,1193.463231487682
rand-c70d21o1-01_limid,91,70,21,91,70,21,2,3,41,"[41, 4]",77.43018436431885,14.774822473526001,0.19161558151245117,1735.3001327063503,41,"[41, 4]",77.70176577568054,13.507479429244995,0.20820999145507812,1743.034705008266,41,"[41, 4]",78.62626123428345,19.044034719467163,0.2462787628173828,1735.3298583596904,41,"[41, 4]",79.23694801330566,14.965192317962646,0.34610795974731445,1732.563265634196,41,"[41, 4]",79.30522155761719,14.714598178863525,0.692110538482666,1732.4024538739739,41,"[41, 4]",90.5978856086731,18.02451515197754,2.356428861618042,1731.7046667692364
rand-c70d7o1-01_limid,77,70,7,77,70,7,2,3,22,[22],9.064598083496094,12.334550619125366,0.14258217811584473,657.2233685900704,22,[22],9.336431503295898,11.122464895248413,0.125502347946167,656.7619346556429,21,[21],9.131108283996582,13.866421937942505,0.15001916885375977,657.087261780482,22,[22],9.032402992248535,14.993165493011475,0.26406335830688477,656.375596390709,23,[23],8.887179374694824,16.368805170059204,0.7740910053253174,656.5946753851041,22,[22],8.990132808685303,21.10460901260376,2.3423595428466797,655.9779820240874
